id,title,airDate,length,length_min
11519987,#4 - iDubbbzTV,2017-02-01,3450,57.5
11519976,#5 - Keemstar,2017-02-14,1542,25.7
18067050,#9 - Joey Salads,2017-06-04,7201,120
18265433,"#10 - Jake Paul, Lance Stewart & Jerry Seinfeld (Top of the Month) ",2017-06-12,11910,198.5
18299380,"#10 - Top of the Month (Talking About Jake Paul, Lance Stewart, Jerry Seinfeld)",2017-06-13,11889,198.2
18416455,#11 - Ethan's Parents,2017-06-18,9214,153.6
18578131,#12 - Steve-O,2017-06-24,11292,188.2
18789369,#13 - Boogie2988 (Steven Williams) ,2017-06-27,8642,144
19362799,#16 - Net Neutrality,2017-07-16,7088,118.1
19546740,#17 - Jacksfilms & Internet Comment Etiquette,2017-07-23,8483,141.4
19726255,#18 - Hugh Mungus,2017-07-30,9698,161.6
19935941,#19 - Jesse Wellens + Phone Interview w/ Martin Shkreli,2017-08-06,10627,177.1
20131034,#20 - One Fricked Up Dentist (Jimmie Lee),2017-08-14,4625,77.1
20216801,#21 - Was Joey Salads at the Rally & More?,2017-08-17,5034,83.9
20413841,#23 - Top of the Week 8-22-17,2017-08-23,4837,80.6
20472542,#24 We Won The Lawsuit! & Skippy Gets Dating Advice from Ryan Jaunzemis,2017-08-27,5351,89.2
20630533,#25 Jenna Marbles and Julien Solomita,2017-09-03,6187,103.1
20757611,#26 - Justin Roiland & Alex Hirsch Charity Special,2017-09-06,19727,328.8
20795978,"#27 - We Raised $170,000! + Shoenice Hates Us",2017-09-09,6305,105.1
20898688,"#28 - PewDiePie Drops the ""N"" Bomb (Top Of The Week)",2017-09-13,4727,78.8
21592741,#32 - Moe & Ethan Bradberry,2017-09-30,5088,84.8
21752987,#33 - Tai Lopez,2017-10-04,6741,112.3
21955796,#34 - VideoGameDunkey and Leah,2017-10-11,6657,111
22275450,#35 - TotalBiscuit ,2017-10-21,8248,137.5
22452023,#36 - Dr Disrespect,2017-10-28,5190,86.5
22721225,#37 - Jordan Peterson,2017-11-03,8287,138.1
23056853,#38 - Hila Klein,2017-11-11,5618,93.6
23281449,#39 - Post Malone ,2017-11-18,9527,158.8
23495280,#40 - The Madness of Black Friday ,2017-11-25,5298,88.3
23652098,#41 - JonTron,2017-11-30,6917,115.3
23891878,#42 - Philip DeFranco,2017-12-09,7454,124.2
24880023,#46 - Jacksfilms and Erik of Internet Comment Etiquette,2018-01-20,8264,137.7
25007891,#47 - MKBHD (Marques Brownlee),2018-01-25,5073,84.6
25226692,#48 - Jordan Peterson,2018-02-02,8647,144.1
25431773,#49 - Captain Disillusion,2018-02-10,7524,125.4
25536286,#50 - Logan Paul Demonetized & Idiot YouTuber's Channel Erased,2018-02-14,6985,116.4
26507731,#55 - How To Save a Life,2018-03-13,3389,56.5
26593814,#56 - Post Malone Live From The Improv,2018-03-15,4957,82.6
26656486,#57 - Bob Saget,2018-03-17,4742,79
27420216,#61 - Harley Morenstein (Epic Meal Time),2018-04-14,7972,132.9
27599218,#62 - Another YouTuber Goes to Prison & Amazon Slavelike Conditions,2018-04-21,6191,103.2
27704301,#63 - Ninja,2018-04-25,5694,94.9
27973210,#64 - Jacksfilms and Erik,2018-05-05,11772,196.2
28373570,#65 - Logan Paul Slammed On Twitter & Ethan Quits Social Media,2018-05-19,7564,126.1
28564351,"#66 - YouTube Is Doomed, 30 Year Old Mall Ninja Evicted & Kendrick Lamar",2018-05-26,9310,155.2
28747752,#67 - Drake vs Pusha T & Skippy vs Kyle,2018-06-02,10175,169.6
28933008, #68 - Booty Doctor Films Patients & Coughing Beanie,2018-06-08,3806,63.4
29132637,#69 - Tom Segura,2018-06-16,4997,83.3
29231889,#70 - Boogie2988 (Steven Williams),2018-06-20,7535,125.6
29511302,#71 - Chris D'Elia,2018-06-30,6613,110.2
29683413,#72 - The TanaCon Con & Logan Paul vs KSI,2018-07-07,6521,108.7
29863804,#73 - Bo Burnham,2018-07-14,7017,117
30034169,#74 - FouseyTube Meltdown & RIP DaddyOFive,2018-07-21,4761,79.3
30224010,#75 - Logan Paul Humiliated & Roseanne Loses It,2018-07-28,6260,104.3
30405683,#76 - Dunkey & Leah,2018-08-04,6316,105.3
30591169,#77 - Alex Jones Stream Shut Down,2018-08-11,6041,100.7
30758947,#78 - Jacksepticeye,2018-08-18,6483,108
30861666,#79 - Post Malone & Grandma Taken Out,2018-08-22,8194,136.6
30942298,#80 - Bert Kreischer,2018-08-24,9390,156.5
31042980,#81 - Logan Paul vs KSI,2018-08-29,6885,114.8
31124156,#82 - Tim Heidecker,2018-09-01,5704,95.1
31445920,#84 - Bill Burr,2018-09-12,5270,87.8
31817946,#85 - Greg Paul Allegations & Post Malone Cursed,2018-09-22,6263,104.4
33884174,#94 - No Meme Left Behind,2018-11-21,5599,93.3
33977234,#95 - Man Wants To Legally Change Age & Black Friday Deals No One Wants,2018-11-24,5155,85.9
34215935,#96 - bill wurtz,2018-12-01,5394,89.9
34451175,#97 - Jack Black & Kyle Gass (Tenacious D),2018-12-07,4855,80.9
34746119,#98 - Jacksfilms & Erik of Comment Etiquette,2018-12-15,10453,174.2
34904951,#99 - Justin Roiland & Alex Hirsch Charity Special 2018,2018-12-19,29196,486.6
34991206,#100 - The End of an Era,2018-12-22,9427,157.1
36066321,#101 - Vsauce (Michael Stevens),2019-01-26,6832,113.9
36299940,#102 - A Lot Happened While We Were Gone...,2019-02-01,6800,113.3
36602864,#103 - Chris D'Elia,2019-02-10,5228,87.1
36806924,#104 - Shane Dawson vs Chuck E. Cheese Pizza Lies,2019-02-16,8622,143.7
37019613,#105 - Logic,2019-02-22,6857,114.3
37305978,#106 - Filthy Frank Hysteria & Adpocalypse 2.0,2019-03-01,6384,106.4
37934681,#109 - Theo Von,2019-03-20,6919,115.3
38278990,#110 - Surviving Cardi B & Jesse Smollett Explained,2019-03-30,7355,122.6
38506848,#111 - MrBeast,2019-04-05,4532,75.5
38688237,#112 - Gus Johnson,2019-04-10,8834,147.2
39007653,#113 - Prank Invasion Gets DUNKED On & Dj Khaled Returns,2019-04-19,7020,117
39132899,"#114 - Endgame Review, KFC Ruins H3 Podcast, Fast Food Power Rankings",2019-04-26,7700,128.3
40175015,#119 - No Meme Left Behind,2019-06-01,10095,168.2
40367098,#120 - The Birth Of Our Son Theodore,2019-06-07,4930,82.2
40587483,#121 - Beauty Gurus Caught Selling Poison,2019-06-14,4594,76.6
40832796,#122 - Boycott UMG & OJ Gets Even On Twitter 🧤,2019-06-21,5640,94
41371790,#123 - Belle Delphine Farts In A Jar And Sends It To Me & JayStation,2019-06-28,7857,130.9
41836173,#124 - Belle Delphine Responds & Free A$AP Rocky ,2019-07-09,6166,102.8
41970304,#125 - Oliver Tree,2019-07-12,5724,95.4
42101654,#126 - Chris D'Elia,2019-07-16,6021,100.3
42239392,#127 - Belle Delphine Mailed Us A Shocking Package,2019-07-19,5612,93.5
42357063,#128 - Ethan ANNIHILATES Manspreading With Facts & Logic,2019-07-23,7203,120
42537840,#129 - Twitch Double Standard & Analyzing Belle Delphine's Spit,2019-07-26,8776,146.3
42754420,#130 - Did Lil Nas X Steal Old Town Road?,2019-07-30,7402,123.4
42908645,#131 - Ninja And The End Of Twitch,2019-08-02,6728,112.1
43108990,#132 - Andrew Yang,2019-08-07,5305,88.4
43108989,#132 - Andrew Yang,2019-08-07,5334,88.9
43199828,#133 - The Biggest Fail in YouTube History,2019-08-09,6438,107.3
43365333,#134 - Twitch Backstabs Ninja & Jeffery Epstein,2019-08-13,7789,129.8
43510464,#135 - YouTube Ends Copyright Abuse,2019-08-16,7855,130.9
43672773,#136 - PewDiePie Gets Married & YouTube Sues Copyright Troll,2019-08-20,6324,105.4
43848841,#137 - Spiderman Fired From MCU & Arby's Taste Test Nightmare,2019-08-23,6733,112.2
44015443,#138 - PewDiePie Hits 100M & James Charles Gets Hacked,2019-08-27,6533,108.9
44195565,#139 - ProJared Finally Responds & Dave Chappelle Cancelled,2019-08-30,7228,120.5
44341240,#140 - Mick West,2019-09-03,8078,134.6
44493394,#141 - YouTube Demonetizes Every Kids Video,2019-09-06,5967,99.4
44647263,#142 - Our $3500 Scooter Has Arrived & Pizza Taste Test Catastrophe,2019-09-10,5366,89.4
44807441,#143 - Bill Burr Returns,2019-09-13,4061,67.7
44986599,#144 - Hila Becomes An American Citizen,2019-09-18,5430,90.5
45461604,#145 - We Actually Stormed Area 51,2019-09-25,5563,92.7
46456154,#150 - Trisha Paytas Insults Hila & We Met Belle Delphine,2019-10-16,6995,116.6
46766658,#151 - Ninja Texting Scam & PewDiePie Banned In China,2019-10-23,9927,165.4
46890052,#152 - Trisha Paytas,2019-10-25,5586,93.1
47224885,#153 - MrBeast Saves The Planet & Twitch Is Collapsing,2019-10-30,7597,126.6
47367957,#154 - Halloween Extravaganza & Candy Tier List,2019-11-01,8027,133.8
47701310,"#156 - Old People Angry About ""OK Boomer"" & FaZe Jarvis",2019-11-09,8099,135
47859225,#157 - KSI Destroys Logan Paul & Mandalorian Review,2019-11-12,8937,148.9
47980716,#158 - Whitney Cummings,2019-11-15,7964,132.7
48231395,#159 - Shoenice,2019-11-20,5647,94.1
48487628,#160 - Shoenice Turns On Ethan & Elon Trolls The World,2019-11-23,6395,106.6
48708460,#161 - Papa John Ate 40 Pizzas In 30 Days & Is Going Insane,2019-11-27,8874,147.9
48933335,#162 - You Laugh You Lose Thanksgiving Challenge,2019-11-28,5650,94.2
50412248,#167 - Andrew Yang Returns,2019-12-20,5064,84.4
51686498,#168 - Jack & Erik,2020-01-17,8973,149.6
52015912,#169 - The End Of An Era,2020-01-22,9347,155.8
52508909,#171 - Coronavirus Is Worse Than You Think,2020-01-28,7688,128.1
52929728,#172 - Sean Evans,2020-02-04,9328,155.5
53137539,#173 - Gus & Eddy,2020-02-07,8962,149.4
53266054,#174 - Papa John,2020-02-10,7199,120
53539099,#175 - The Media Did Papa Dirty,2020-02-14,8350,139.2
59967457,#189 - Big Ed Is Taking HEAT & Adele & PewDiePie,2020-05-09,6741,112.3
60628453,"#190 - 6ix9ine Released Early, Joji Cancelled, Doja Cat Lies To The World",2020-05-16,6369,106.2
61374988,#191 - Jeffree Star Goofs Up & Marc Rebillet Live,2020-05-24,5498,91.6
61965235,#192 - The Death Of H3H3 By Gokanaru,2020-05-30,10803,180.1
63559212,#193 - Jake Paul Arrested For Rioting & The Karen Invasion,2020-06-13,9649,160.8
64773797,#194 - William & Chelsea Osman,2020-06-20,10864,181.1
65924964,#195 - Eric Andre,2020-06-27,5454,90.9
70438583,#198 - Oliver Tree,2020-07-18,5942,99
70703918,#199 - iDubbbz & Dax Flame,2020-07-22,7749,129.2
70930370,"#200 - Jake Paul, Belle Delphine, Dr. DisRespect",2020-07-25,9021,150.3
71193691,#201 - YouTubers Are Knowingly Spreading COVID,2020-07-29,7812,130.2
71326045,#202 - All Gas No Brakes (Andrew Callaghan),2020-07-31,6815,113.6
71669782,#203 - TikTok Ban & Ethan Bodyslams Mike,2020-08-05,5229,87.2
71750882,#204 - Chad Goes Deep (The Party Bros),2020-08-06,4960,82.7
71901493,#205 - We Open Belle Delphine's Mystery Box And... WOW,2020-08-08,7326,122.1
72266309,"#206 - Ellen DeGeneres, Cardi B, Ben Shapiro, Smash Mouth",2020-08-13,8615,143.6
72492994,#207 - Hasan Piker,2020-08-17,9324,155.4
72706156,#208 - Logic,2020-08-20,9326,155.4
72964583,#209 - Andrew Yang,2020-08-24,5017,83.6
73189727,"#210 - Leafy Banned, Keemstar Is Suing Us, Karen Tier List",2020-08-27,7008,116.8
73360138,H3 After Dark - #2,2020-08-30,9337,155.6
73360139,H3 After Dark - #1,2020-08-30,5863,97.7
73476300,#211 - Cody Ko,2020-08-31,5678,94.6
73719403,"#212 - Bella Thorne, Elon Musk, Adele, Ian PowerPoint",2020-09-03,6706,111.8
73807482,H3 After Dark - #3,2020-09-05,9643,160.7
73937893,#213 - Danny Gonzalez,2020-09-07,5739,95.7
74256569,#214 - Bobby Lee & Khalyla,2020-09-10,7406,123.4
74352071,H3 After Dark - #4,2020-09-11,7510,125.2
74533665,"#215 - Travis Scott, Old People TikTok, The End Of The Kardashians",2020-09-14,3951,65.8
74619353,Frenemies #1 - Trisha's New Boyfriend Is Hila's Brother,2020-09-15,3594,59.9
75119602,Frenemies #2 - Trisha's Obsession With Jewish People,2020-09-22,4041,67.3
75275612,#218 - Content Court: JayStation,2020-09-24,4788,79.8
75342446,H3 After Dark #6,2020-09-25,8190,136.5
75860399,H3 After Dark #7,2020-10-02,7096,118.3
76011987,#221 - Tom & Christina P,2020-10-05,4035,67.2
76106548,Is Trisha Smarter Than A 5th Grader? - Frenemies #4,2020-10-06,4907,81.8
76252515,#222 - Content Court: James Charles,2020-10-08,4315,71.9
76329675,H3 After Dark #8,2020-10-09,7204,120.1
76947743,#224 - Tim Dillon,2020-10-19,4673,77.9
77033629,Trisha & Ethan Reconcile... Kind Of - Frenemies #6,2020-10-20,5088,84.8
77188180,Content Court: TheQuartering,2020-10-22,6971,116.2
77305410,H3 After Dark #9,2020-10-23,8457,140.9
77534584,Couples Therapy With Dr. Drew - Frenemies #7,2020-10-27,4297,71.6
77693359,#226 - Belle Delphine,2020-10-29,5532,92.2
77776961,H3 After Dark #10,2020-10-30,7849,130.8
78026189,Trisha & Ethan Fight About The Election - Frenemies #8,2020-11-03,5674,94.6
78223347,Content Court: The ACE Family,2020-11-06,6355,105.9
78286323,H3 After Dark #11,2020-11-06,7447,124.1
78896127,H3 After Dark #12,2020-11-13,9559,159.3
79193604,Cheese Mukbang Disaster - Frenemies #9,2020-11-17,5420,90.3
79315540,Make Ethan Laugh - Episode #1,2020-11-18,7897,131.6
79523840,H3 After Dark #13,2020-11-20,8797,146.6
79898843,Trisha vs Charli & Dixie D'Amelio (Dramageddon 2.0) - Frenemies #10,2020-11-26,5479,91.3
79967878,H3 After Dark #14,2020-11-27,6945,115.8
80192202,Trisha & Ethan Do Goat Yoga & Carpool Karaoke - Frenemies #11,2020-12-01,3102,51.7
80330552,#227 - 2 GIRLS ONE...MONOLITH?!?! 😳🥵👅💦💦,2020-12-03,5131,85.5
80408122,H3 After Dark #15,2020-12-04,7931,132.2
80552309,#228 - ContraPoints,2020-12-07,6816,113.6
80631639,Trisha Was Kidnapped At Gunpoint - Frenemies #12,2020-12-09,5888,98.1
80768841,Trisha Quits the Podcast & Storms Out - Frenemies #13,2020-12-10,3040,50.7
80820772,H3 After Dark (Talking About The Trisha Stuff) - #16,2020-12-11,8831,147.2
81110736,The Fate Of Frenemies With Dr. Drew - Frenemies #14,2020-12-16,7534,125.6
81187083,#229 - Someone On The Crew Is A Psychopath & Papa John Calls In,2020-12-17,7099,118.3
81271340,H3 After Dark (Defending Trisha From The Wicked David Portnoy) - #17,2020-12-18,7956,132.6
82168521,We Made The Only Honest Award Show - Introducing The Steamies - Frenemies #15,2021-01-07,6398,106.6
82311081,Was James Charles Inside The Capitol Building? - H3 After Dark #18,2021-01-08,9842,164
82548740,Frenemies Is Under Attack - Frenemies #16,2021-01-12,4609,76.8
84458624,"David Dobrik Debate, FREE BRITNEY, Ben Shapiro Calls In - H3 Podcast #235",2021-02-11,7294,121.6
84574917,Trisha vs AB and Seth vs David - H3 After Dark #23,2021-02-12,9905,165.1
84892830,Erased David Dobrik Footage Proves Trisha Was Right All Along - Frenemies #21,2021-02-16,7037,117.3
85012880,"We Spent $500,000 On Pokémon Cards - H3 Podcast #236",2021-02-18,6144,102.4
85342680,Ethan & Trisha Do An Athletics Competition - Frenemies #22,2021-02-25,6653,110.9
85453501,We Made Our Own High Fashion Runway Show - H3 Podcast #237,2021-02-25,5827,97.1
85453499,It Keeps Getting Worse For David Dobrik - H3 After Dark #25,2021-02-26,9463,157.7
85650038,David Dobrik & James Charles Drama Apocalypse - Frenemies #23,2021-03-02,8456,140.9
85823261,The Vlog Squad Responds - H3 After Dark #26,2021-03-05,8313,138.6
85823262,David Dobrik's New App & Wendy Williams Continues To Be The Worst - H3 Podcast #238,2021-03-05,5177,86.3
86007850,"Jewish Trivia Contest, David Dobrik & Scotty Sire - Frenemies #24",2021-03-09,7327,122.1
86129192,I’m Selling Vape Nation - H3 Podcast # 239,2021-03-11,7143,119
86451749,Insider Article Could End David Dobrik's Career - H3 Podcast # 240,2021-03-17,6829,113.8
86746962,President Trump Calls - H3 After Dark #28,2021-03-19,12272,204.5
86902854,Responding To Jeff Wittek & New David Dobrik Footage - Frenemies # 26,2021-03-22,9278,154.6
87100216,Jeff Whittek Interview Fallout - Frenemies # 27,2021-03-23,7637,127.3
87100214,Responding To David's Apology - Frenemies # 28,2021-03-23,6512,108.5
87538617,"FaZe Banks, Jeff Wittek, James Charles, David Dobrik - H3 After Dark # 29",2021-03-26,8224,137.1
88170823,Trisha’s Epic Passover Dinner At Ethan’s - Frenemies # 29,2021-03-30,7309,121.8
88295737,It's Time To Stop James Charles - H3 Podcast # 241,2021-04-01,7414,123.6
88420029,James Charles’ Apology (aka Confession) - H3 After Dark # 30,2021-04-02,14211,236.8
88792614,Trisha & Ethan Do Oddly Satisfying Trends - Frenemies # 30,2021-04-06,7530,125.5
88925014,We're Not Done With James Charles - H3 Podcast # 242,2021-04-08,6035,100.6
88988030,"Jake Paul, Wendy Williams, Bhad Bhabie & Dr. Phil - H3 After Dark # 31",2021-04-09,11175,186.2
89208460,Khloe Kardashian Photo Drama & Pizza Eating Contest - Frenemies # 31,2021-04-14,7214,120.2
89321707,Infowars Attacks Ethan - H3 Podcast # 243,2021-04-15,6499,108.3
89388546,Morphe & YouTube Finally Drop James Charles - H3 After Dark # 32,2021-04-16,10212,170.2
89605300,James Charles Entire Channel Demonetized by YouTube - Frenemies # 32,2021-04-20,7402,123.4
89733183,Jake Paul Fight Was A Disaster - H3 Podcast # 244,2021-04-22,7401,123.3
89794208,Jake Paul Exposed By Bombshell New York Times Article - H3 After Dark # 33,2021-04-23,10574,176.2
90110419,"Jeff Wittek, David Dobrik, & TRIVIA! - Frenemies # 33",2021-04-27,7341,122.3
90261432,Humanity Is Doomed - H3 Podcast # 245,2021-04-29,7434,123.9
90751418,Trisha Birthday Celebration - Frenemies # 34,2021-05-04,7525,125.4
92370291,PREGNANCY ANNOUNCEMENT! - Frenemies # 38,2021-06-01,3155,52.6
92827782,Regarding Trisha Quitting Frenemies,2021-06-10,2707,45.1
93453494,Bella Poarch - H3 Podcast # 247,2021-06-18,6893,114.9
93797774,The New Host Of Frenemies Is…,2021-06-23,5706,95.1
93864443,The Birthday Roast Of Ethan Klein - H3 After Dark # 42,2021-06-24,9307,155.1
94228871,Trisha’s Apology & Ace Family Scam - Off The Rails # 3,2021-07-01,6552,109.2
94278883,James Charles Returns & Baby Update - H3 After Dark # 43,2021-07-02,9458,157.6
94509725,The Biggest Cancellation In YouTube History - Families # 3,2021-07-07,5932,98.9
94571952,The Biggest Scam In YouTube History -  Off The Rails # 4,2021-07-08,6274,104.6
94630979,Hila's Final Episode - H3 After Dark # 44,2021-07-09,8992,149.9
94904397,Logan Paul Is Committing Fraud & It’s Disgusting - Off The Rails # 5,2021-07-15,6706,111.8
105935327,Saying Goodbye To YouTube,2021-07-30,7389,123.2
105935331,Hila Is Back... And She's Being Sued - H3 After Dark # 45,2021-07-30,9201,153.3
105935333,My Family Is Being Torn Apart ,2021-08-04,5502,91.7
105935325,I'm Ashamed To Admit This,2021-08-05,6903,115
105935324,Not Talking About Trisha Paytas,2021-08-20,10181,169.7
105935335,I'm Done With Trisha Paytas,2021-08-20,6640,110.7
105935323,What Did My Mom Text Trisha,2021-08-23,5397,90
105935322,The Final Families Episode,2021-08-25,5951,99.2
105935326,Mr. Verified Contest,2021-08-26,6687,111.4
105935332,"Fortnite MLK Disaster, Mr Verified Winner",2021-08-27,9805,163.4
105935321,James Corden Harassed Me & Addison Rae Proves God Doesn't Exist,2021-08-31,13270,221.2
105935319,Joe Rogan Is A Giant Hypocrite,2021-09-03,10389,173.2
105935342,Guess Who the D'Amelios Are Suing...,2021-09-07,11570,192.8
105935320,We Need To Talk...,2021-09-10,9279,154.7
105935314,Why We Disappeared For A Week,2021-09-20,8778,146.3
105935308,I Barely Made It Through This Episode,2021-09-23,4079,68
105935317,And The Gender Is...,2021-09-24,10552,175.9
105935316,"R. Kelly, Keemstar, My Mom Exposed",2021-09-28,11522,192
105935318,And The New Host Is...,2021-09-28,8894,148.2
105935312,We Tried The Nastiest Food On Earth,2021-09-30,2814,46.9
105935313,"Shane Dawson, Jason Nash, Britney Freed",2021-10-02,10436,173.9
105935300,Keemstar's Channel Is Dying & Couch Guy Controversy,2021-10-04,10167,169.4
105935343,Steven Crowder Freaks Out Over Black James Bond,2021-10-04,5774,96.2
105935291,Squid Game IN REAL LIFE,2021-10-07,5157,86
105935305,Shame Dawson IS BACK,2021-10-08,7547,125.8
105935307,Kim K Confronted Me In NY This Weekend,2021-10-12,9866,164.4
105935303,Content Court: The NELK Boys,2021-10-14,6871,114.5
105935310,Shane's Husband Confirms The Cat Story?,2021-10-15,11328,188.8
105935293,We DESTROY Ben Shapiro With FACTS & LOGIC,2021-10-17,7758,129.3
105935315,"Jordan Peterson, Kanye West, Island Boys",2021-10-18,9647,160.8
105935309,Ethan Guesses Who’s High,2021-10-21,7729,128.8
105935341,James Charles Enablers & Keemstar Is Obsessed With Me,2021-10-22,10918,182
105935288,I'm Cancelled,2021-10-25,9734,162.2
105935289,24 HOURS IN THE MOST HAUNTED PLACE IN AMERICA,2021-10-28,2303,38.4
105935286,I'm Retiring,2021-10-29,11532,192.2
105935297,Elon Musk Won’t Pay His Taxes & Joe Rogan Hates Paternity Leave,2021-10-31,7368,122.8
105935304,Pete Davidson & Kim Kardashian Must Be Stopped,2021-11-01,11320,188.7
105935298,We Broke Up,2021-11-05,7594,126.6
105935306,Begging Hila To Take Me Back,2021-11-05,8862,147.7
105935299,Travis Scott & Astroworld,2021-11-09,14455,240.9
105935302,I Had To Get Emergency Surgery,2021-11-11,7409,123.5
105935287,We Went To Britney Spears Conservator Trial & David Dobrik Busted Again,2021-11-13,10544,175.7
105935523,Mr. Beast Cancelled,2021-11-16,10736,178.9
105935285,I Got Hand Enlargement Surgery,2021-11-18,7194,119.9
105935295,Coming Clean About Hila's Feet Pics,2021-11-20,11303,188.4
105935301,Keemstar vs The Quartering,2021-11-23,11984,199.7
105935296,"YOU LAUGH, YOU LOSE! (Thanksgiving Special)",2021-11-25,8668,144.5
105935292,Mr. Beast Sued By Netflix & Nikocado Responds To Us,2021-11-27,11087,184.8
106096967,The Ace Family's House Story Analyzed,2021-11-30,15008,250.1
106175678,Ryan Kavanaugh Just Filed His Third Lawsuit Against Me,2021-12-01,11785,196.4
106311597,"ACE Family, Ryan Kavanaugh, SteveWillDoIt",2021-12-04,11539,192.3
109375912,"Joe Rogan Posted Cringe, Jordan Peterson, Lauren Boebert",2021-12-05,7761,129.3
111686208,Families Reunion!,2021-12-09,6236,103.9
111686209,We Need To Talk (VERY Urgent and VERY IMPORTANT!!!),2021-12-09,11319,188.7
112353997,"Pewdiepie DEFENDS me, Nikocado Update, Ace Family NEW Mansion Tour",2021-12-11,11704,195.1
113405041,"Conservative Incels, Tucker Carlson, Omicron ",2021-12-12,7156,119.3
113985711,The Wedding...,2021-12-14,12052,200.9
114751776,Soundbite Of The Year Tournament 2021,2021-12-16,14538,242.3
115188625,Cracker Extravaganza,2021-12-17,11831,197.2
126828538,We're Back!,2022-01-19,11320,188.7
126883503,How We Scammed Logan Paul,2022-01-20,7703,128.4
127288408,"Fresh & Fit Cringe, M&M Controversy, Metaverse Fail",2022-01-25,11996,199.9
127534240,Surprise Reunion For 2nd Annual Steamies,2022-01-28,6149,102.5
129215240,"Kanye, MGK Cringe, Jordan Peterson's Family Comes For Me",2022-02-17,8776,146.3
129523878,Jeff Wittek Cancels David Dobrik,2022-02-22,8776,146.3
129858561,David Dobrik Is About To Lose Everything,2022-02-26,11096,184.9
130051073,Everyone Hates Me Again,2022-03-01,8124,135.4
130832283,David Dobrik Blames Jeff Wittek For The Accident,2022-03-10,10094,168.2
131210265,David Dobrik vs Casey Neistat,2022-03-15,10873,181.2
131400551,The Podcast Is Ending,2022-03-17,9757,162.6
131578349,"Kim, Kanye, And Pete",2022-03-19,14130,235.5
131809736,Ace Family Is Going Bye Bye,2022-03-22,10484,174.7
132063511,Why I Panicked & Deleted A Ton Of Videos,2022-03-24,7980,133
132353636,"Will Smith, Chris Rock & Academy Awards",2022-03-28,9775,162.9
132513272,David Dobrik Caught In A Crypto Scam,2022-03-30,9337,155.6
132964738,Ethan Was In The Hospital (Not Clickbait This Time),2022-04-05,9282,154.7
133074076,"James Charles, Elon Musk, Jared Leto",2022-04-07,9252,154.2
133246725,Brittany Broski,2022-04-08,9388,156.5
133666589,I Got Cancelled Again AGAIN,2022-04-14,8969,149.5
133850905,iDubbbz & Anisa,2022-04-15,12518,208.6
134023048,"The ACE Family Scammed Us, Oliver Tree",2022-04-19,10079,168
134203546,Guess Whos High Or Drunk 4/20 Special,2022-04-20,11584,193.1
134379840,"Johnny Depp vs. Amber Heard, Kim Kardashian vs. Roblox",2022-04-22,12945,215.8
134599090,"Elon, SuperMega vs. Dad, Beans On Toast",2022-04-25,10669,177.8
133460343,James Charles Wears Diapers & The LaBrant Family,2022-04-27,12448,207.5
134785739,"Tim Pool & Keemstar Dark Alliance, Beans On Toast",2022-04-28,13098,218.3
134996081,"Crazy Things We Believed As Kids, Fresh & Fit Cringe, Elon Cringe",2022-04-29,12517,208.6
135173965,"Elon Musk Cringe, Pete Davidson Cringe, Cobra Tate Cringe",2022-05-02,9053,150.9
135483815,WE'RE BACK!,2022-05-05,7487,124.8
135442935,Huge Announcement About The Future Of H3,2022-05-05,7991,133.2
135541797,Bobby Lee & Khalyla Kuhn,2022-05-06,8725,145.4
135743747,"Birds Aren't Real Founder Calls In, Amber Heard vs Johnny Depp, Avatar 2",2022-05-09,12019,200.3
136000271,"Brendan Schaub Responds, Fresh & Fit Guest Calls In To Expose Them",2022-05-12,10748,179.1
136000272,The Left Can't Meme?,2022-05-12,6519,108.7
136988864,"Fresh & Fit Are Panicking, New Kendrick Album, TikTok Lawyer Calls In",2022-05-13,9494,158.2
138810102,"AB's Creator Clash Fight Debrief, Johnny Depp & Amber Heard Trial",2022-05-16,11621,193.7
139089960,Amber Heard v Johnny Depp FINAL VERDICT,2022-05-18,10067,167.8
139360749,"Def Noodles Sues Keemstar For Defamation, Elon Musk Allegations",2022-05-20,11736,195.6
139653405,This Episode Will Be Erased In 24 Hours,2022-05-23,11901,198.3
139848840,Wake Up America,2022-05-25,7006,116.8
139935763,Our Police Have Failed Us ,2022-05-26,8269,137.8
140096833,"Welcome Back Olivia, Ricky Gervais, Drake Loses $20M, Flaming Hot Mountain Dew",2022-05-27,10858,181
141301311,We Were Banned From YouTube AGAIN,2022-06-06,9297,154.9
141554866,Ethan Gets Black Pilled,2022-06-09,7746,129.1
141659119,Chelsea Manning,2022-06-10,9071,151.2
142050356,"The Great Podcast Debate, Britney Spears Wedding Disaster, Kevin Spacey Arrested",2022-06-15,10612,176.9
142106544,The Crew Is Splitting Up,2022-06-15,12375,206.2
142148293,Ben Shapiro & The Daily Wire Are Hateful Little Manlets,2022-06-16,8169,136.2
142235773,Frenemies Is Back & Short Lived,2022-06-17,7039,117.3
142637157,David Dobrik Is Being Sued By Jeff Wittek & James Charles Hasn't Changed At All,2022-06-22,11437,190.6
142720673,"The Supreme Court Has Fallen, Jordan Peterson Has Psychotic Break",2022-06-23,7247,120.8
142838638,"Roe vs Wade Ended, David Dobrik Hires Johnny Depp's Lawyer",2022-06-25,13977,232.9
143064949,"The Worst Thing We Did As Kids, Donna Calls In",2022-06-28,13108,218.5
143967918,Doja Cat Beefs With Noah Schnapp & Stranger Things Cast,2022-07-08,9985,166.4
144188482,We Went To ACE Fest... WOW,2022-07-12,13393,223.2
144339807,"Ace Fest Fallout, Jeff Wittek & Mike Majlak Fight For Ethan's Love",2022-07-14,12609,210.2
144514995,"Man vs Machine Game, Teddy Fresh Controversy, Howie Mandel Meme Competition",2022-07-15,11773,196.2
144918558,"James Charles Is Losing It, Smell My Funger Game, MrBeast Protégé Gets Cancelled",2022-07-20,12835,213.9
144988916,"Biden Got Covid, Jordan Peterson's Obsession, Right Wing ""Comedy""",2022-07-21,7482,124.7
145099288,"We Try A Period Pain Simulator, Hasan Owns Andrew Tate, Ace Family Friendship Over",2022-07-22,10949,182.5
145369800,"Well, it happened. He’s finally banned.",2022-07-25,8736,145.6
145971675,Whitney Cummings,2022-07-30,8736,145.6
146557579,Did Google Create Sentient AI? Ft Whistleblower Blake Lemoine,2022-08-05,10728,178.8
146823435,Sound The Warhorns - BFFs Is Over,2022-08-08,10483,174.7
147086768,TRUMP GOT RAIDED BY THE FBI!!!🥳🎉🍻,2022-08-11,8442,140.7
147410530,It's Time For War... I've Never Been So Offended,2022-08-15,11235,187.2
147566892,David Dobrik Lights His Friend On Fire & Ethan Squashes Another Beef,2022-08-18,14132,235.5
147649455,Steven Crowder Banned From YouTube👋😘🎉,2022-08-18,8137,135.6
147754153,"Andrew Tate Banned From Facebook, Instagram & Twitter 🎉🥰🥳",2022-08-19,12370,206.2
148324781,Tim Dillon,2022-08-24,8690,144.8
148324778,"Andrew Tate Cries And Begs For Forgiveness, Ethan Enters The Metaverse",2022-08-26,10719,178.7
148630489,Our Channel May Be Deleted,2022-08-29,11357,189.3
148855262,Trump Might Actually Go To Jail For This,2022-09-01,7423,123.7
149371421,Diss Track Competition,2022-09-08,13007,216.8
149544395,"RIP Queen Elizabeth, Keffals vs Kiwi Farms, Harry Styles vs Chris Pine",2022-09-09,12231,203.8
149939885,"Office Drama: We Had To Call HR, Austin McBroom KO’d, Durte Dom Called Me Out",2022-09-14,13310,221.8
150328606,Ethan Becomes Alpha,2022-09-19,11678,194.6
150515157,Twitch Bans Gambling Ft. Yung Gravy,2022-09-21,11357,189.3
150591871,Hasan Got Called Out,2022-09-22,6628,110.5
150949753,David Dobrik Blames Jeff Wittek In New Court Filing,2022-09-26,9610,160.2
151124919,The Try Guys Try Infidelity,2022-09-28,10483,174.7
151208049,LIVER KING'S HERE!,2022-09-29,9610,160.2
151307383,The Worst Pain Of My Life,2022-09-30,11357,189.3
151775099,Cheaters Tier List & Dream Face Reveal,2022-10-06,12231,203.8
151836958,"Elon Musk Forced To Buy Twitter, Herschel Walker Walked Her To The Clinic",2022-10-06,7834,130.6
151947484,It's Frenemies All Over Again,2022-10-08,12231,203.8
152382628,"NELK Attacked Hila, We’re Going To War & TwitchCon Cringe",2022-10-12,11357,189.3
152542960,"Hila Breaks Her Silence, Overwatch 2 Release A Disaster!",2022-10-14,12211,203.5
152785482,"Amouranth, Kanye West, Markiplier, BTS",2022-10-18,12231,203.8
153105772,Ethan Is Cancelled For Ben Shapiro Joke & Midterm Special Coverage,2022-10-20,6988,116.5
154187565,Kurtis Conner,2022-11-02,6491,108.2
154257366,Andrew Callahan Of Channel 5 ,2022-11-03,7413,123.6
154347492,"Avi Loeb - Aliens, Black Holes & The End of the Universe",2022-11-04,6321,105.3
154603709,Ethan Permanently Banned From Twitter,2022-11-08,12231,203.8
154840762,"Dan Eats The World's Hottest Chip, Elon Musk Is Ruining Twitter, Defending Andrew Tate",2022-11-10,13105,218.4
154930761,Conservative Tears & Midterm Elections Results,2022-11-10,6988,116.5
155288862,Ethan's Car Was Stolen,2022-11-15,11323,188.7
155559723,Donald Trump Announced He's Running For President!,2022-11-17,6484,108.1
155483547,Howie Mandel,2022-11-17,6673,111.2
155669778,Hila Got Banned On Twitter,2022-11-19,11357,189.3
155872820,"War Horn On New Hater, World Cup in Qatar, Elon Unbans Trump",2022-11-22,11289,188.2
156366740,I Need To Step Away For A Bit,2022-11-29,9960,166
156631498,"Kanye West, Tim Pool, Alex Jones, Nick Fuentes",2022-12-01,6988,116.5
156562804,"We Review Influencer Products, Liver King Exposed",2022-12-01,14531,242.2
156750540,Bradley Martyn,2022-12-02,8736,145.6
156974646,I Sent An Impersonator To The Streamys,2022-12-06,12110,201.8
157573771,We Play Silent Library 2 And Regret It,2022-12-10,6114,101.9
157573772,"Hasan Banned From Twitch, Kanye West Still Hatin",2022-12-10,6114,101.9
157853635,"Nikocado Calls Out Ethan, Elon Gets Booed At Chapelle Show",2022-12-14,12884,214.7
157970102,Stavros Halkias,2022-12-15,11649,194.2
158172538,The 2022 Sound Bite Tournament,2022-12-17,15728,262.1
160947715,"Andrew Tate, Adin Ross, Logan Paul",2023-01-17,12092,201.5
161135297,Logan Paul Ain’t Coming Back From This,2023-01-19,12231,203.8
161328080,Andrew Tate Debate With Bradley Martyn Of NELK - Leftovers #36,2023-01-21,7862,131
161328075,Anthony Fantano - H3 Podcast #263,2023-01-21,7862,131
161822641,"Steven Crowder vs Ben Shapiro, George Santos Is A Weasley Little Liar Dude",2023-01-26,7982,133
161731911,We Break 9 Different Guinness World Records & Creator Clash Announced RIP AB,2023-01-26,11355,189.2
161926763,Big big huge announcement massive announcement,2023-01-28,10483,174.7
162154825,Rebecca Black,2023-01-30,13105,218.4
162508443,"MrBeast Drama, Ron DeStinky Attacks Trump, Shocking Steven Crowder Revelation",2023-02-02,6458,107.6
162508444,Ethan Banned On TikTok & Jeffree Starr Is Dating Tom Brady Power Point,2023-02-04,6458,107.6
162735978,Solving Your Problems With Therapy Gecko,2023-02-07,10483,174.7
162893821,I Lost My Lawsuit,2023-02-09,12781,213
163094253,iDubbbz & Anisa,2023-02-11,10397,173.3
163585434,Comedy Is LEGAL Again!,2023-02-16,8325,138.8
163685178,We're Having A Third Baby & Greenscreen Tournament,2023-02-18,9475,157.9
164059802,"Curing 1,000 People of Their Tourette's",2023-02-23,12231,203.8
164312592,Tana Mongeau,2023-02-25,8529,142.2
165815537,Protecting MrBeast Chocolate Display Live At Walmart - H3TV #68,2023-03-07,12231,203.8
166171296,Tucker Is Trumps #1 Hater,2023-03-09,7073,117.9
166072234,"Andrew Tate Says Trans Rights, Nick Cannon's Disturbing New Show, Elon Musk",2023-03-09,11959,199.3
167013546,We Get Trashed On St. Paddy's Day,2023-03-17,12127,202.1
167270462,Ethan Got A Wet & Reckless,2023-03-20,11357,189.3
167480742,Having A Civil Conversation With A TikTok Alpha Male,2023-03-22,12231,203.8
167590240,Watching Trump's Arrest LIVE!!!,2023-03-23,6988,116.5
167726260,"Ethan Is TikTok's New Alpha God, Men Guess What Women's Beauty Products Do",2023-03-25,13105,218.4
168006274,Huge Announcement Massive Changes Coming To The Podcast,2023-03-27,11357,189.3
168205255,Bryce Hall,2023-03-29,8736,145.6
168298698,"Trump's Waco Standoff, Professor Richard Wolff Calls In",2023-03-30,7861,131
168718830,The Podcast Is Moving To Spotify,2023-04-03,11357,189.3
169018637,JUICER POLITICS EP! TRUMPY DUMPY 🍑 ARRESTED👮😩 CIVIL WAR ON THE HORIZON? 😳,2023-04-06,7862,131
169138976,Terri Joe,2023-04-07,8736,145.6
169379835,"BBTV Stole $620,000 & Refuses To Return It... (in my opinion) CEO Shahrzad Rafati",2023-04-11,12231,203.8
169651458,Is Mario Spreading The Woke Mind Virus? The Debate Of The Century,2023-04-13,7536,125.6
169701618,BBTV Is Paying Us Back,2023-04-13,12130,202.2
169782210,"Chris, MrBeast, and H3 are SunnyV2's Worst Nightmare",2023-04-15,12231,203.8
170046120,About AB's Fight At Creator Clash...,2023-04-17,11357,189.3
170320462,"iDubbbz Calls In, Howie Goes Against The Family, Massive Coachella Fail",2023-04-19,11357,189.3
170417619,"Matt Walsh Hacked, Ali Alexander Outed, Fox News Folds",2023-04-20,7564,126.1
170562264,"Guess Who's High & How To Spend The $620,000",2023-04-22,15677,261.3
170826720,Addressing The Vacation Drama,2023-04-24,11357,189.3
171269257,Ok wait Crowder is an actual demon,2023-04-28,12075,201.2
171542790,Hasan Is Suing Adin Ross,2023-05-01,11984,199.7
171742078,Ethan Confronts Oli London,2023-05-03,11357,189.3
171976551,Ethan Trains With An Accent Coach,2023-05-05,10463,174.4
172218554,"Olivia PowerPoint On Taylor Swift's New BF, King Charles' Sausage Fingers, MrBeast",2023-05-08,11960,199.3
172267910,"Olivia Explains Taylor Swift's BF Drama, King Charles' Sausage Fingers, MrBeast - H3TV #76",2023-05-09,11357,189.3
172645709,Hila Starts An OF,2023-05-13,12231,203.8
172894000,Update About My Marriage,2023-05-15,12231,203.8
173099068,We Tried To Make The Most Disgusting Fish In The World Delicious,2023-05-17,857,14.3
173204117,"Elon ""Klansman"" Musk, Rudy ""Penguin"" Giuliani, Dianne ""Cryptkeeper"" Feinstein",2023-05-18,9203,153.4
173330915,iDubbbz Apology & Ayydubs Powerpoint,2023-05-19,11198,186.6
173593413,Alyx Weiss (ayydubs) Calls In Regarding Her Joining A Cult,2023-05-22,11357,189.3
173802721,It's Time To Address Aba & Preach,2023-05-24,13105,218.4
174016397,Trying Weird TikTok Waters With Martin The Water Sommelier,2023-05-27,11220,187
174565629,Target Turned Me Gay & Now I'm Pissed!,2023-06-01,7447,124.1
174692326,Power Point: Grace Van Dien vs Faze Rain,2023-06-03,13105,218.4
174966149,"I'm Meeting Ryan Kavanaugh Tomorrow, FaZe Rain Declares War On The H3 Podcast",2023-06-05,12231,203.8
175160825,Which Office Character Are We? PowerPoint & Debate,2023-06-08,12076,201.3
175390453,"Donald Trump Is Going To Jail, New Alien Footage Turns Ethan Into A Believer",2023-06-10,9610,160.2
175702472,We're Deleting Our Subreddit,2023-06-13,13027,217.1
175972044,Having A Civil Conversation w/ Pearl Davis of Just Pearly Things,2023-06-14,12231,203.8
176083606,"See You In Jail, Trump! (And You Too Rudy)",2023-06-15,12231,203.8
176192479,"Pearl Coping Hard, The Crew Styles Hila",2023-06-17,13105,218.4
176477576,Pearl's Unearthed Music Career Explains Everything,2023-06-19,12231,203.8
176653762,Colleen Ballinger PowerPoint - Off The Rails #77,2023-06-22,12231,203.8
179163550,Colleen Ballinger Apology PowerPoint,2023-07-11,16600,276.7
179348408,Colleen Ballinger Published Her Song & Claimed Us,2023-07-12,13105,218.4
179442725,Elon Musk & Tucker Carlson Are Pro Human Trafficking,2023-07-13,6988,116.5
179546389,Colleen Ballinger's Lawyer Sent Me A Cease & Desist,2023-07-15,13057,217.6
179808276,"Colleen Ballinger Unearthed Video Is SO Bad, James Charles Trying To Get Uncancelled",2023-07-18,13105,218.4
180187498,Colleen Ballinger Finally Responded & Fousey Got Banned,2023-07-22,12231,203.8
180643756,Talking to Jonah Hill Accuser Alexa Nikolas,2023-07-26,2788,46.5
180896372,Olivia Explains Ariana Grande Divorce Scandal,2023-07-29,13105,218.4
181369693,Hila's Pregnant Again,2023-08-01,12231,203.8
181618902,The Lovato Crime Family Comes For Ethan & True Crime PowerPoint,2023-08-02,11357,189.3
181837577,Sour Candy Tier List,2023-08-04,10483,174.7
182126688,Debating xQc On Copyright,2023-08-07,12966,216.1
182316490,"xQc Fallout, Howie Live Disaster, MrBeast Is Being Sued For $100 Million",2023-08-09,12084,201.4
182780643,"Drake & Bobbi Althoff's Bizarre Falling Out, Dylan Page Is A Demon For This",2023-08-14,12106,201.8
183086119,"Crowder Cheated On His Wife? Mike Lindell Spoke To God, Trumps 4th Indictment",2023-08-17,6988,116.5
182975828,Trying DIY Tiktok Bathroom Recipes,2023-08-17,14852,247.5
183174829,"Trying Weird Pregnancy Craving Combos, Love Makes An Ethan Sculpture",2023-08-19,11357,189.3
183413949,The Colleen Ballinger Saga Took A Weird New Turn,2023-08-22,13979,233
183617199,Fresh & Fit Got Banned On YouTube RIP Bozos - Off The Rails #83,2023-08-24,12231,203.8
183831121,We Play The Baby Photo Guessing Game - After Dark #117,2023-08-26,11357,189.3
184066063,We Went To The Streamys & Lost During A Commercial Break,2023-08-29,13105,218.4
184456932,Family Vlogger 8 Passengers Arrested & War With Streamys & Jay Shetty Continues,2023-09-01,11956,199.3
184901227,"8 Passengers Update, EDP Caught Again, Burning Man Disaster",2023-09-07,13918,232
185089852,"Joe Jonas & Sophie Turner Divorce PP, Gay Obama Scandal, Dillon Danis & Logan Paul",2023-09-09,12716,211.9
185350640,"8 Passengers Mom Blames Kids, The Crew Took DNA Tests",2023-09-12,13031,217.2
185550707,Jojo Siwa Defends Colleen Ballinger,2023-09-14,11186,186.4
185641435,"Biden Impeachment, Insane Police Union Video, Mike Pillow Meltdown",2023-09-14,8196,136.6
185752297,"The Crew Paints Ethan, We Take A Red Flag Dating Test, We Ruin Howie Mandel’s Life",2023-09-16,14759,246
186376117,Hasan Is Leaving Leftovers,2023-09-21,11247,187.4
186253156,"Colleen Cheating Scandal Ft. SWOOP, 8 Passengers Update",2023-09-21,13060,217.7
186854372,"Russell Brand Sent Us a Legal Notice, Ethan's Tattoo Went Horribly Wrong",2023-09-26,7318,122
187057508,"Korean Food Taste Test, Taylor Swift's New Boyfriend PowerPoint",2023-09-28,12256,204.3
187387760,Oliver Tree Back In The Studio For A Serious Interview,2023-09-30,11904,198.4
187850561,Ethan Ruined His New Tattoo,2023-10-02,10980,183
188185171,Bye Bye Kevin McCarthy RIPBOZO #packwatch 🚬,2023-10-05,7690,128.2
188063129,"Shocking New David Dobrik Allegations, Barstool vs Taylor Swift - Off The Rails #88",2023-10-05,12634,210.6
188309261,The 2023 Sub-a-thon Bonanza! - After Dark #123 ,2023-10-07,27627,460.4
188762007,How Well Does Ethan Know The Crew? The Game Show,2023-10-11,12033,200.6
189686087,SSSniperwolf Banned From YouTube & The Crew Writes Ethan Poems,2023-10-21,12146,202.4
189921960,"Adin Kicked From TwitchCon, MrBeast Dragged On Twitter",2023-10-23,11665,194.4
190102045,Dishwasher Vs The Filthiest Dishes We Could Make,2023-10-26,13855,230.9
190313989,"MrBeast Called Out For Faking Videos, New Dobrik Clip Incriminates Him ft Pokimane",2023-10-28,13522,225.4
190558372,Are You Faster Than Michael Myers? Halloween Special,2023-10-31,12992,216.5
190961093," Dream Confronts Us For Stealing His Song, New Evidence In The MrBeast Scandal",2023-11-04,14188,236.5
191397299,"Boogie2988 Documentary, Jeff Wittek Harassed By Dobrik Fan, Ryan Kavanaugh Failure Podcast",2023-11-09,13935,232.2
191587437,Dream Song Remix Tournament,2023-11-11,14309,238.5
191826527,David Dobrik Has Hurt Another Person,2023-11-14,16825,280.4
192213059,"New Boogie2988 Drama Is So Good, Roman Atwood Deep Dive ft. Whitney Cummings",2023-11-18,12025,200.4
192452410,"Colleen Returns To YouTube, Pokimane Cookie Controversy",2023-11-21,12603,210.1
192648772,"Colleen Ballinger Apology Analysis, Experts Weigh In",2023-11-23,12402,206.7
193370104,Ethan's Insane Thanksgiving Drama,2023-11-28,12706,211.8
193567660,Potato Cooking Competition,2023-11-30,11357,189.3
193787393,Revealing Our Embarrassing Spotify Wrapped,2023-12-02,13611,226.8
194016738,Ethan Does Acupuncture Ft. Steve-O,2023-12-05,12231,203.8
194422843,Selena Gomez Turns On Her Fans & Everyone Is Furious,2023-12-09,12216,203.6
194652044,"David Dobrik Sued By State Farm Over Jeff Wittek Injury, Crew Designs New Uniforms",2023-12-12,12445,207.4
194828371,The 2023 Soundbite Tournament,2023-12-14,12981,216.3
196390985,"Matt Rife Drama Power Point, Meet Our New Puppy - After Dark #131",2023-12-16,12128,202.1
197437384,Gypsy Rose Comprehensive Deep Dive,2024-01-11,12036,200.6
198070916,"Sean Stephens & Kids Kidnapped Exclusive Interview, Ace Family Updates",2024-01-20,12321,205.3
199012733,"David Dobrik Calls Out Jason Nash, Ben Shaprio Drops Rap Song",2024-01-27,12991,216.5
199450819,Austin’s RV Broke Down & He’s Sleeping On An Air Mattress,2024-02-01,14890,248.2
199651497,Austin McBroom Inspired Ethan To Move Into His Car,2024-02-03,10619,177
200060405,Jeff Wittek Bach3lor Applications Are OPEN,2024-02-08,13820,230.3
200265026,"Earthquake Hits The Studio LIVE, The Most Shocking Leak We've Seen In Years - After Dark #136",2024-02-10,14525,242.1
200507908,Vaush: No More Horsing Around,2024-02-13,14389,239.8
202298389,Jay Shetty Exposed In New Article,2024-03-02,13033,217.2
203053019,Compliment Battle 2,2024-03-08,12479,208
203320782,I'm Taking An Indefinite Break,2024-03-11,12846,214.1
202809126,Adin Ross Testifies Against Andrew Tate,2024-03-11,12889,214.8
203950177,We Get Sloshed For St. Paddy's Day,2024-03-19,13745,229.1
204381948,The BacH3lor Ep. #4 - Making Pottery w/ Maegan (Ft. Jeff Wittek),2024-03-22,12613,210.2
204994823,Cameron Is Leaving The Show,2024-03-29,13018,217
205227958,Responding To The Allegations,2024-04-01,12496,208.3
208057666,Catching Up On All The Tea We Missed 💅,2024-04-25,13655,227.6
209242792, Holding Ourselves Accountable,2024-05-03,12686,211.4
209576746,Kendrick Lamar vs Drake Full Beef Explanation,2024-05-07,17941,299
210212843,"Rating Met Gala Looks With Hila, Dan Schneider Lawsuit Update",2024-05-10,13431,223.8
211028041,Ian Went To A Lil Jon Meditation Retreat Ft. Tom Ward,2024-05-17,13725,228.8
212018940,"Apologizing To Moist Cr1tikal, The Crew Pitches Business Ideas",2024-05-24,13371,222.8
212973959,Issuing A Retraction & Apology,2024-06-03,11415,190.2
213658730,The Try Guys Are Bullying Me,2024-06-10,11320,188.7
214149874,"Ariana Grande Speaks Out About Dan Schneider, Logan Paul Has Trump On Impaulsive",2024-06-14,13097,218.3
214849621,Did This Influencer Kill Her Cat?,2024-06-22,14533,242.2
217260614,"Cody Ko Exposed By D'Angelo Wallace, Boogie Lied About Having Cancer lol",2024-07-16,13778,229.6
220271364,I Won The Poker Tournament,2024-08-14,13871,231.2
220992459,ProJared Is A Danger To His Community And Must Be Stopped,2024-08-21,14298,238.3
221186359,Olivia Explains The Blake Lively Drama To A Room Full Of Haters,2024-08-24,14597,243.3
221814418,Content Court: Ethan Klein,2024-08-29,9760,162.7
224108443,"MrBeast, Logan Paul, KSI Sellout Their Child Audience ft. Reggie Watts",2024-09-19,12946,215.8
225963494,David Dobrik's Legal Defense Leaked vs Jeff Wittek,2024-10-05,13661,227.7
234654020,Brooke Schofield's Boyfriend Is A Creep PowerPoint,2024-12-17,12975,216.2
236815657,Responding To The Haters That Waited For Me To Go On Break,2025-01-07,15470,257.8
237264781,David Dobrik Posted A New Vlog & Blake Lively/Justin Baldoni Situation Is Crazy,2025-01-11,13701,228.3
237746034,Dream vs. TommyInnit Minecraft Drama Innit Oi!,2025-01-16,12819,213.7
238568593,Justin Baldoni Comes w/ Receipt & DEBUNKS Blake Lively Accusations?,2025-01-23,13869,231.2
238894095,My Life Is Falling Apart- Addressing The Controversy- I Shouldn’t Say This But I Must,2025-01-25,10855,180.9
239563303,Content Nuke: Markiplier,2025-01-30,12819,213.7
239807214,Countdown To Doomsday,2025-01-31,3974,66.2
240127439,Nuclear Fallout,2025-02-04,13006,216.8
240594526,Hasan & His Goons Are Evil Cowardly Liars,2025-02-08,10435,173.9
241360124,"Tales From Reddit: Valentines Edition | ""I Cheated On My Boyfriend With His Dad"" ",2025-02-15,13210,220.2
241649586,I Can't Handle This Anymore,2025-02-18,12227,203.8
245892229,Unmasking The Harassment Campaign Against Us - H3 Show #113,2025-02-22,11638,194
245892217,I'm Going To War With The Entire Internet - H3 Show #115,2025-02-27,13401,223.3
245892216,I Hired A Rabbi To Destroy My Yeezys - H3 Show #116,2025-03-01,12726,212.1
245892209,"Hasan Got Banned, Atomic Hot Wings Challenge (Ethan vs Gabe) - H3 Show #117",2025-03-04,13975,232.9
245892202,"Noah Samsen, Retract Or Lawyer Up - H3 Show #130",2025-04-03,14336,238.9
247725008,Ethan Reacts To Idubbbz Content Cop - H3 Show #136,2025-04-17,13327,222.1
248011862,Reacting To The Entire Idubbbz Content Cop - H3 Show #137,2025-04-19,17413,290.2
248218811,They Sent Two Human Skulls To My House - H3 Show #138,2025-04-22,13102,218.4
248700278,Lord Of The Rings Reviewed By A Room Full Of Haters - H3 Show #140,2025-04-26,12831,213.8
249215303,Talking To Sam Seder - H3 Show #142,2025-05-01,13975,232.9
249775316,Responding to Idubbbz’s Content Deputy - H3 Show #144,2025-05-06,14693,244.9
250306646,"Denims Is Suing Me, Lord Give Me Strength... - H3 Show #146",2025-05-10,12948,215.8
251697978,Austin McBroom's SHOCKING Accusations Against Ex Wife Catherine Paiz - H3 Show #148,2025-05-17,12828,213.8
252218791,The Three Bozos Of The Apocalypse - H3 Show #149,2025-05-20,14900,248.3
252564315,"James Charles Is Disgusting, Hasan Pikers Scandal Just Got Worse, Our Favorite Movies - H3 Show #150",2025-05-22,14564,242.7
254600063,"Ian & Anisa’s Boxing Coach CALLS IN LIVE, Shocking New Details - H3 Show #154",2025-06-05,14385,239.8
255452059,We Almost Cancelled Today's Episode - H3 Show #156,2025-06-10,14180,236.3
256019877,Ethan Gets His Fortune Read - H3 Show #158,2025-06-14,13297,221.6
256621533,I’m Dropping The 2nd Nuke Tomorrow - H3 Show #160,2025-06-19,13775,229.6
256851996,I’m Loving The Reactions To The Lawsuits (Final Episode) - H3 Show #162,2025-06-21,13782,229.7
258931465,Shocking Creator Clash Update From Ian & Anisa - H3 Show #164,2025-07-10,13155,219.2
259230570,Adam McIntyre's Snark Scandal Proves Ethan Was Right About Reddit - H3 Show #165,2025-07-13,13369,222.8
259400924,"The Epstein Cover-up is Getting Insane, Fully Explained - H3 Show #166",2025-07-15,12623,210.4
260352084,I Had A Falling Out With Steiny & NELK - H3 Show #170,2025-07-24,12913,215.2
260566656,Vaush Exposed For Messaging A Minor (Allegedly) - H3 Show #171,2025-07-26,13112,218.5
260844771,About The Frogan Lawsuit... - H3 Show #172,2025-07-29,12210,203.5
261078307,Olivia Explains The Messiest Influencer Breakup Ever To A Room Full Of Haters - H3 Show #173,2025-07-31,12960,216
261300921,Judge APPROVES Our Subpoena Of Reddit & Discord - H3 Show #174,2025-08-02,13490,224.8
261541994,My entire crew just left... here's what happened. - H3 Show #175,2025-08-05,14755,245.9
261791995,"Huge Lawsuit Updates, You're Going To Love These! - H3 Show #176",2025-08-07,13201,220
262023669,I'm being blackmailed. - H3 Show #177,2025-08-09,13770,229.5
262262604,Bombshell David Dobrik Exposé Just Dropped - H3 Show #178,2025-08-12,13250,220.8
262565971,Hasan Piker Is A Cringe Machine - H3 Show #179,2025-08-14,11380,189.7
262683406,"I Don’t Like Any of My Friends, Am I the Problem? - H3 Show #180",2025-08-16,12155,202.6
263176125,Another F**ked Up Package Arrived At The Studio - H3 Show #182,2025-08-21,11740,195.7
263393741,Learning How To Pleasure My Wife - H3 Show #183,2025-08-23,11555,192.6
263759740,I Was Attacked in Public Again... - H3 Show #184,2025-08-26,11295,188.2
264468986,Trump Is Stepping Down - H3 Show #186,2025-09-03,12960,216
264825705,"Rudy Giuliani Mangled in Car Accident, RFK Gets Grilled & IShowSpeed Stream Meltdown - H3 Show #187",2025-09-05,11870,197.8
265346913,"Dear iDubbbz, We're Not Holding Back Anymore. - H3 Show #189",2025-09-11,16258,271
265577095,Idubbbz & Anisa’s Total Fall From grace Is Complete - H3 Show #190,2025-09-13,13287,221.4
266604365,IDubbbz Bad - H3 Show #193,2025-09-23,13385,223.1
267134702,The Most Insane Podcast We've Ever Made - H3 Show #194,2025-09-26,12229,203.8
267432062,The Biggest Sellouts in Comedy - H3 Show #195,2025-09-30,13977,232.9
267984208,Taylor Swift Vs Chali XCX Beef Explained - H3 Show #196,2025-10-04,12755,212.6
268281144,iDubbbz & Anisa Bad - H3 Show #197,2025-10-07,11850,197.5
268534454,Hasan Piker Fully Cancelled Over Dog Controversy - H3 Show #198,2025-10-08,8626,143.8
269056314,"Hasan Bad, Dog Good - H3 Show #200",2025-10-13,12025,200.4
269602001,"I was going to let it go, until this happened...",2025-10-18,14315,238.6
270043035,The Emiru Twitchcon Situation Is Dan Clancy's Fault - H3 Show #202,2025-10-22,12149,202.5
270429883,Hasan's Community Is Imploding - H3 Show #203,2025-10-24,13685,228.1
270705720,"Mizkif & Emiru, QT vs Vanillamace - Twitchegeddon Is Here - H3 Show #204",2025-10-27,14235,237.2
271049298,These Streamers Got 24 Hour Bans For SA,2025-10-30,3299,55
271733887,Talking To Cruel World Happy Mind About Her Video On Me - H3 Show #207,2025-11-04,14140,235.7
272273846,Hasan's TikTok Reposts Are Insane - VOD,2025-11-08,1884,31.4
272343183,"This $20,000 AI House Robot is Dumb and Bad",2025-11-08,2790,46.5
272712892,Addressing The Teddy Glow Situation - H3 Show #209.,2025-11-12,13780,229.7
272846682,I Can't Keep Doing This - H3 Show #210,2025-11-13,14905,248.4
273115664,New Epstein Emails Directly Implicate Trump - H3 Show #211,2025-11-15,12492,208.2
273311650,Colleen Ballinger Is Back & Already Cancelled - H3 Show #212,2025-11-18,12585,209.8
273743185,Who Can Scream The Loudest - H3 Show #213,2025-11-22,13672,227.9
274008788,MrBeast Land Disaster - H3 Show #214,2025-11-25,13105,218.4
275068225,The Lawsuit Is Over (Kaceytron Apology) - H3 Show #215,2025-12-04,12575,209.6
275512263,James Charles is a disgusting creep that needs to go to jail - H3 Show #218,2025-12-08,14295,238.2
275626692,Trisha’s Israeli Reality Show is a Disaster (Hila Translates) - H3 Show #219,2025-12-09,12900,215
276088605,"The Right Is Self Imploding (Candace Owens, Tim Pool, Tucker Carlson) - H3 Show #221",2025-12-12,9911,165.2
276132257,H3 TROPICAL BAHAMAS POKER NIGHT EXTRAVAGANZA LIVE!,2025-12-13,17280,288
276773772,We're taking a long break... Goodbye.,2025-12-19,12815,213.6
280285151,Everything Is Changing... - H3 Show #224,2026-01-20,13306,221.8
280502444,Confronting My Biggest Hater In Person - H3 Show #225,2026-01-22,12129,202.2
280759293,The Marvel Rivals Situation Is Inexcusable - H3 Show #226,2026-01-24,13451,224.2
280979463,America is F*&KED - H3 Show #227,2026-01-27,14050,234.2
281195829,Trisha Paytas Is My Favorite Zionist - H3 Show #228,2026-01-29,12605,210.1
281402437,Olivia Explains Beckham Drama To Room Full Of Haters - H3 Show #229,2026-01-30,11794,196.6
281902287,My Friend Is In The Epstein Files - H3 Show #230,2026-02-05,13525,225.4
281902286,"I was on Piers Morgan, James Charles Billboard Contest Winner! - H3 Show #231",2026-02-05,7199,120
282207096,"Tamara & Lena Explain Taylor Swift, Blake Lively & Baldoni Leaked Text - H3 Show #232",2026-02-07,15455,257.6
283781243,Mind Blowing Conspiracy Theories With The H3 Crew - H3 Show #237,2026-02-21,13915,231.9
284940701,The War - H3 Show #241,2026-03-03,14385,239.8
285301991,Jim Carrey Is A Clone - CONSPIRACY REVIEW - H3 Show #242,2026-03-04,13565,226.1
286000823,Room Full of Boomers Reviews Mean Girl For The First Time - H3 Show #243,2026-03-06,12360,206
286662716,"Anisa Returns To Streaming DISASTER, idubbbz PANICS - H3 Show #245",2026-03-11,13105,218.4
287117697,"Manosphere Civil War: ""He's Gay!"" ""He's a Jew!""",2026-03-13,14895,248.2
287782864,THE 2026 SUBATHON ST. PATRICKS DAY SPECTACULAR!!!,2026-03-17,25505,425.1
288150048,I have bad news.,2026-03-18,13480,224.7
288408716,Bachelorette Cancelled Amid Insane Scandal - H3 Show #248,2026-03-20,15464,257.7
288413672,Another Duggar Arrested (Disturbing) - H3 After Dark #28,2026-03-21,9115,151.9
288788962,Afroman Defamation Trial Deep Dive - H3 After Dark #30,2026-03-24,12530,208.8
288920092,WNBA Dating Drama (Dijonai Carrington & Jackie Young) - H3 After Dark #31,2026-03-26,12915,215.2
289144226,Clavicular Shoots An Alligator & Gets Arrested - H3 After Dark #32,2026-03-28,10890,181.5
289432034,Criminals Steal Truck Carrying 12 Tons of KitKat - H3 After Dark #33,2026-03-30,11564,192.7
289566855,Gerhardt Konig Murder Trial Wife's Shocking Survival Story - H3 After Dark #34,2026-03-31,10705,178.4
289713288,Island Boy Starts Crying & Storms Off Set - H3 After Dark #35,2026-04-02,10565,176.1
289944486,"Nelk's Messy Break Up, New Baldoni Drama, Manosphere Dork Choked Out - H3 Show #253",2026-04-03,15090,251.5
289948809,Cheating Husband Caught on TikTok - H3 After Dark #35,2026-04-04,8460,141
290268725,"Andrew Tate Crashes Out On Stream (He's Depressed, He's Scared, He's Lonely) - H3 Show #254",2026-04-06,13645,227.4
290422360,Galya Reads Our Birth Charts! (Astrology Special) - H3 After Dark #38,2026-04-07,13725,228.8
290311953,Noah Beck Sister Faces Grooming Allegations - H3 After Dark #37,2026-04-07,11990,199.8
290565925,I Am Suing Noah Samsen - H3 Show #255,2026-04-08,13215,220.2
290581878,Rapper Offset Shot Outside Florida Casino & Cardi B Responds - H3 After Dark #39,2026-04-09,13011,216.8
