article,date,pageviews
h3h3Productions,2016-02-01,1343
h3h3Productions,2016-03-01,887
h3h3Productions,2016-04-01,628
h3h3Productions,2016-05-01,602
h3h3Productions,2016-06-01,556
h3h3Productions,2016-07-01,582
h3h3Productions,2016-08-01,470
h3h3Productions,2016-09-01,575
h3h3Productions,2016-10-01,562
h3h3Productions,2016-11-01,484
h3h3Productions,2016-12-01,529
h3h3Productions,2017-01-01,665
h3h3Productions,2017-02-01,866
h3h3Productions,2017-03-01,2935
h3h3Productions,2017-04-01,556
h3h3Productions,2017-05-01,243
h3h3Productions,2017-06-01,506
h3h3Productions,2017-07-01,549
h3h3Productions,2017-08-01,1980
h3h3Productions,2017-09-01,442
h3h3Productions,2017-10-01,319
h3h3Productions,2017-11-01,487
h3h3Productions,2017-12-01,980
h3h3Productions,2018-01-01,613
h3h3Productions,2018-02-01,569
h3h3Productions,2018-03-01,552
h3h3Productions,2018-04-01,899
h3h3Productions,2018-05-01,1142
h3h3Productions,2018-06-01,1258
h3h3Productions,2018-07-01,1760
h3h3Productions,2018-08-01,1402
h3h3Productions,2018-09-01,1313
h3h3Productions,2018-10-01,1258
h3h3Productions,2018-11-01,1245
h3h3Productions,2018-12-01,1724
h3h3Productions,2019-01-01,1877
h3h3Productions,2019-02-01,1159
h3h3Productions,2019-03-01,1380
h3h3Productions,2019-04-01,1341
h3h3Productions,2019-05-01,2105
h3h3Productions,2019-06-01,1576
h3h3Productions,2019-07-01,1186
h3h3Productions,2019-08-01,1452
h3h3Productions,2019-09-01,1210
h3h3Productions,2019-10-01,1177
h3h3Productions,2019-11-01,1018
h3h3Productions,2019-12-01,1018
h3h3Productions,2020-01-01,1059
h3h3Productions,2020-02-01,1390
h3h3Productions,2020-03-01,1565
h3h3Productions,2020-04-01,2312
h3h3Productions,2020-05-01,2748
h3h3Productions,2020-06-01,1808
h3h3Productions,2020-07-01,1530
h3h3Productions,2020-08-01,1991
h3h3Productions,2020-09-01,2169
h3h3Productions,2020-10-01,2433
h3h3Productions,2020-11-01,2453
h3h3Productions,2020-12-01,3226
h3h3Productions,2021-01-01,1921
h3h3Productions,2021-02-01,2290
h3h3Productions,2021-03-01,2638
h3h3Productions,2021-04-01,2937
h3h3Productions,2021-05-01,2221
h3h3Productions,2021-06-01,1225
h3h3Productions,2021-07-01,645
h3h3Productions,2021-08-01,645
h3h3Productions,2021-09-01,342
h3h3Productions,2021-10-01,799
h3h3Productions,2021-11-01,1748
h3h3Productions,2021-12-01,3828
h3h3Productions,2022-01-01,4173
h3h3Productions,2022-02-01,3252
h3h3Productions,2022-03-01,2918
h3h3Productions,2022-04-01,2898
h3h3Productions,2022-05-01,2937
h3h3Productions,2022-06-01,2721
h3h3Productions,2022-07-01,3214
h3h3Productions,2022-08-01,4310
h3h3Productions,2022-09-01,5332
h3h3Productions,2022-10-01,4594
h3h3Productions,2022-11-01,3810
h3h3Productions,2022-12-01,2243
h3h3Productions,2023-01-01,591
h3h3Productions,2023-02-01,542
h3h3Productions,2023-03-01,790
h3h3Productions,2023-04-01,523
h3h3Productions,2023-05-01,491
h3h3Productions,2023-06-01,467
h3h3Productions,2023-07-01,452
h3h3Productions,2023-08-01,995
h3h3Productions,2023-09-01,748
h3h3Productions,2023-10-01,466
h3h3Productions,2023-11-01,311
h3h3Productions,2023-12-01,311
h3h3Productions,2024-01-01,391
h3h3Productions,2024-02-01,308
h3h3Productions,2024-03-01,296
h3h3Productions,2024-04-01,233
h3h3Productions,2024-05-01,284
h3h3Productions,2024-06-01,228
h3h3Productions,2024-07-01,279
h3h3Productions,2024-08-01,280
h3h3Productions,2024-09-01,285
h3h3Productions,2024-10-01,249
h3h3Productions,2024-11-01,275
h3h3Productions,2024-12-01,255
h3h3Productions,2025-01-01,341
h3h3Productions,2025-02-01,203
h3h3Productions,2025-03-01,203
h3h3Productions,2025-04-01,231
h3h3Productions,2025-05-01,308
h3h3Productions,2025-06-01,239
h3h3Productions,2025-07-01,224
h3h3Productions,2025-08-01,201
h3h3Productions,2025-09-01,215
h3h3Productions,2025-10-01,227
h3h3Productions,2025-11-01,206
h3h3Productions,2025-12-01,218
h3h3Productions,2026-01-01,228
h3h3Productions,2026-02-01,171
h3h3Productions,2026-03-01,189
H3 Podcast,2017-09-01,62
H3 Podcast,2017-10-01,28
H3 Podcast,2017-11-01,81
H3 Podcast,2017-12-01,36
H3 Podcast,2018-01-01,39
H3 Podcast,2018-02-01,305
H3 Podcast,2018-03-01,113
H3 Podcast,2018-04-01,97
H3 Podcast,2018-05-01,518
H3 Podcast,2018-06-01,865
H3 Podcast,2018-07-01,620
H3 Podcast,2018-08-01,1487
H3 Podcast,2018-09-01,1699
H3 Podcast,2018-10-01,905
H3 Podcast,2018-11-01,936
H3 Podcast,2018-12-01,746
H3 Podcast,2019-01-01,200
H3 Podcast,2019-02-01,155
H3 Podcast,2019-03-01,211
H3 Podcast,2019-04-01,120
H3 Podcast,2019-05-01,212
H3 Podcast,2019-06-01,234
H3 Podcast,2019-07-01,248
H3 Podcast,2019-08-01,479
H3 Podcast,2019-09-01,332
H3 Podcast,2019-10-01,380
H3 Podcast,2019-11-01,293
H3 Podcast,2019-12-01,340
H3 Podcast,2020-01-01,326
H3 Podcast,2020-02-01,367
H3 Podcast,2020-03-01,219
H3 Podcast,2020-04-01,301
H3 Podcast,2020-05-01,242
H3 Podcast,2020-06-01,209
H3 Podcast,2020-07-01,434
H3 Podcast,2020-08-01,409
H3 Podcast,2020-09-01,277
H3 Podcast,2020-10-01,868
H3 Podcast,2020-11-01,631
H3 Podcast,2020-12-01,557
H3 Podcast,2021-01-01,472
H3 Podcast,2021-02-01,592
H3 Podcast,2021-03-01,486
H3 Podcast,2021-04-01,366
H3 Podcast,2021-05-01,467
H3 Podcast,2021-06-01,620
H3 Podcast,2021-07-01,378
H3 Podcast,2021-08-01,322
H3 Podcast,2021-09-01,312
H3 Podcast,2021-10-01,396
H3 Podcast,2021-11-01,438
H3 Podcast,2021-12-01,559
H3 Podcast,2022-01-01,503
H3 Podcast,2022-02-01,246
H3 Podcast,2022-03-01,335
H3 Podcast,2022-04-01,313
H3 Podcast,2022-05-01,358
H3 Podcast,2022-06-01,276
H3 Podcast,2022-07-01,404
H3 Podcast,2022-08-01,538
H3 Podcast,2022-09-01,291
H3 Podcast,2022-10-01,192
H3 Podcast,2022-11-01,152
H3 Podcast,2022-12-01,259
H3 Podcast,2023-01-01,303
H3 Podcast,2023-02-01,248
H3 Podcast,2023-03-01,256
H3 Podcast,2023-04-01,618
H3 Podcast,2023-05-01,3170
H3 Podcast,2023-06-01,5511
H3 Podcast,2023-07-01,12561
H3 Podcast,2023-08-01,12556
H3 Podcast,2023-09-01,8116
H3 Podcast,2023-10-01,7708
H3 Podcast,2023-11-01,7626
H3 Podcast,2023-12-01,6420
H3 Podcast,2024-01-01,6940
H3 Podcast,2024-02-01,8815
H3 Podcast,2024-03-01,7208
H3 Podcast,2024-04-01,5724
H3 Podcast,2024-05-01,5615
H3 Podcast,2024-06-01,6149
H3 Podcast,2024-07-01,7408
H3 Podcast,2024-08-01,6144
H3 Podcast,2024-09-01,6044
H3 Podcast,2024-10-01,8915
H3 Podcast,2024-11-01,7276
H3 Podcast,2024-12-01,5561
H3 Podcast,2025-01-01,5334
H3 Podcast,2025-02-01,9779
H3 Podcast,2025-03-01,8886
H3 Podcast,2025-04-01,14410
H3 Podcast,2025-05-01,14487
H3 Podcast,2025-06-01,8801
H3 Podcast,2025-07-01,7535
H3 Podcast,2025-08-01,6301
H3 Podcast,2025-09-01,5725
H3 Podcast,2025-10-01,4694
H3 Podcast,2025-11-01,6005
H3 Podcast,2025-12-01,4567
H3 Podcast,2026-01-01,4064
H3 Podcast,2026-02-01,3953
H3 Podcast,2026-03-01,4161
Teddy Fresh,2020-06-01,10
Teddy Fresh,2020-07-01,38
Teddy Fresh,2020-08-01,45
Teddy Fresh,2020-09-01,86
Teddy Fresh,2020-10-01,45
Teddy Fresh,2020-11-01,2639
Teddy Fresh,2020-12-01,2052
Teddy Fresh,2021-01-01,126
Teddy Fresh,2021-02-01,125
Teddy Fresh,2021-03-01,128
Teddy Fresh,2021-04-01,76
Teddy Fresh,2021-05-01,105
Teddy Fresh,2021-06-01,108
Teddy Fresh,2021-07-01,105
Teddy Fresh,2021-08-01,105
Teddy Fresh,2021-09-01,93
Teddy Fresh,2021-10-01,129
Teddy Fresh,2021-11-01,83
Teddy Fresh,2021-12-01,71
Teddy Fresh,2022-01-01,66
Teddy Fresh,2022-02-01,41
Teddy Fresh,2022-03-01,393
Teddy Fresh,2022-04-01,95
Teddy Fresh,2022-05-01,61
Teddy Fresh,2022-06-01,55
Teddy Fresh,2022-07-01,1108
Teddy Fresh,2022-08-01,3315
Teddy Fresh,2022-09-01,4221
Teddy Fresh,2022-10-01,4419
Teddy Fresh,2022-11-01,4377
Teddy Fresh,2022-12-01,4055
Teddy Fresh,2023-01-01,4156
Teddy Fresh,2023-02-01,3224
Teddy Fresh,2023-03-01,4748
Teddy Fresh,2023-04-01,5016
Teddy Fresh,2023-05-01,5166
Teddy Fresh,2023-06-01,4868
Teddy Fresh,2023-07-01,7149
Teddy Fresh,2023-08-01,10325
Teddy Fresh,2023-09-01,6202
Teddy Fresh,2023-10-01,5986
Teddy Fresh,2023-11-01,5366
Teddy Fresh,2023-12-01,3667
Teddy Fresh,2024-01-01,3911
Teddy Fresh,2024-02-01,4385
Teddy Fresh,2024-03-01,3732
Teddy Fresh,2024-04-01,3022
Teddy Fresh,2024-05-01,2708
Teddy Fresh,2024-06-01,2718
Teddy Fresh,2024-07-01,3189
Teddy Fresh,2024-08-01,3296
Teddy Fresh,2024-09-01,3400
Teddy Fresh,2024-10-01,4564
Teddy Fresh,2024-11-01,4274
Teddy Fresh,2024-12-01,4084
Teddy Fresh,2025-01-01,3879
Teddy Fresh,2025-02-01,6828
Teddy Fresh,2025-03-01,5466
Teddy Fresh,2025-04-01,6487
Teddy Fresh,2025-05-01,10271
Teddy Fresh,2025-06-01,5885
Teddy Fresh,2025-07-01,3852
Teddy Fresh,2025-08-01,3095
Teddy Fresh,2025-09-01,2532
Teddy Fresh,2025-10-01,2176
Teddy Fresh,2025-11-01,2284
Teddy Fresh,2025-12-01,2027
Teddy Fresh,2026-01-01,1895
Teddy Fresh,2026-02-01,1535
Teddy Fresh,2026-03-01,1617
Leftovers Podcast,2023-07-01,479
Leftovers Podcast,2023-08-01,1705
Leftovers Podcast,2023-09-01,2975
Leftovers Podcast,2023-10-01,7656
Leftovers Podcast,2023-11-01,6948
Leftovers Podcast,2023-12-01,6194
Leftovers Podcast,2024-01-01,4502
Leftovers Podcast,2024-02-01,4256
Leftovers Podcast,2024-03-01,2444
Leftovers Podcast,2024-04-01,1648
Leftovers Podcast,2024-05-01,2067
Leftovers Podcast,2024-06-01,1245
Leftovers Podcast,2024-07-01,1822
Leftovers Podcast,2024-08-01,1864
Leftovers Podcast,2024-09-01,3186
Leftovers Podcast,2024-10-01,4635
Leftovers Podcast,2024-11-01,4630
Leftovers Podcast,2024-12-01,2232
Leftovers Podcast,2025-01-01,2214
Leftovers Podcast,2025-02-01,6283
Leftovers Podcast,2025-03-01,3988
Leftovers Podcast,2025-04-01,5877
Leftovers Podcast,2025-05-01,9189
Leftovers Podcast,2025-06-01,3101
Leftovers Podcast,2025-07-01,2457
Leftovers Podcast,2025-08-01,2706
Leftovers Podcast,2025-09-01,2330
Leftovers Podcast,2025-10-01,3089
Leftovers Podcast,2025-11-01,1888
Leftovers Podcast,2025-12-01,1808
Leftovers Podcast,2026-01-01,1316
Leftovers Podcast,2026-02-01,1084
Leftovers Podcast,2026-03-01,1711
